Country Name,Croissance,Annee
Monde,2.879152456,2015
Monde,2.592171688,2016
Monde,3.261971339,2017
Monde,3.042313158,2018
Monde,2.475076547,2019
